Team,2 FG,,,3FG,,,1FT,,,Rebounds,,,AST,STL,TO,Blocks,,Fouls,,PIR,SCORE,,Win/Lose,Total,,,
,M,A,%,M,A,%,M,A,%,O,D,T,,,,F,A,C,D,,M,R,1/0,,,,
Fenerbahce,19.4,35.4,55.1%,9.5,26.1,36.2%,15.4,19.1,81.2%,11.1,24.4,35.5,16.2,5.2,13.5,2.8,2.1,23.2,20.1,87.5,82.6,80,23,162.6,,,
Olympiacos,21.2,35.7,59.6%,9.7,27.5,34.8%,18.8,24.1,78.1%,12.4,24.3,36.6,21.2,6.4,12.6,2.4,2.1,18.8,22.7,108.7,90.4,84.1,22,174.5,,,
Real Madrid,20.6,36.6,56.7%,9.8,26.1,37.8%,17.2,21.9,78.0%,11.9,25.9,37.8,18.7,6.1,12.7,4,2.7,19.7,21.5,103.8,87.8,82.8,21,170.6,,,
Valencia,20.4,35.9,56.9%,11.8,31.7,37.4%,14,19.3,72.6%,13,24.5,37.5,20.5,6.8,12.9,3.1,2.5,20.9,20.3,100.6,89.6,85.6,21,175.2,,,
Barcelona,21.3,38.6,55.4%,9.5,25.6,37.2%,13.9,17.6,80.0%,11.4,21.8,33.2,18,7.1,12.3,1.7,2.3,20.8,20.5,93,84,82.5,20,166.5,,,
Hapoel,22.7,37.9,59.6%,9.2,24.8,36.9%,14.2,17.9,79.1%,8.7,24.3,33,17.3,6.3,12.4,2.8,2.9,19.7,20.6,97.7,87.1,83.6,20,170.7,,,
AS Monaco,23,41,56.2%,8.6,24.6,34.9%,18.4,22.8,80.5%,10.9,23.5,34.5,20.5,7,10.7,2.9,2.2,21.6,22.7,104.6,90.1,86.3,19,176.4,,,
Panathinaikos,22.7,40.2,57.0%,8.3,23.5,35.5%,16,19.9,79.8%,10.6,22.8,33.5,18.5,6.5,11.2,2.1,2.3,20.1,21.3,97.3,86.2,84.7,19,170.9,,,
Zalgiris,21.9,39.9,55.1%,9.8,24.7,40.3%,15.2,20.1,75.7%,11.3,23.5,34.9,19.4,6,11.5,2.7,2.7,20.3,20.6,99.9,88.5,83.7,19,172.2,,,
Crvena Zvezda,22.2,39.6,56.3%,8.9,25.5,34.8%,15.9,21.6,74.2%,14.1,25,39.1,20,6.1,13.9,2,2.8,21.1,21.7,97.7,87.1,85.4,19,172.5,,,
Dubai,22.2,39.8,55.8%,8.1,23.4,34.3%,19.6,24,81.9%,10.2,24.1,34.3,18.8,5.8,10.5,2.8,2.3,22.2,21.5,99.5,88.4,88,17,176.4,,,
Armani Milan,19.7,35.9,55.0%,10.1,25.8,39.0%,15.8,19.7,79.8%,10.1,23.3,33.4,18.4,5.1,11.7,2.1,2.3,19.6,21.2,96.2,85.3,86.2,16,171.5,,,
Maccabi,21,38.8,54.5%,10.2,28.4,35.6%,17,21.5,79.6%,12.6,22.8,35.4,20.2,6.9,12,2.5,1.9,21.6,21.7,100,89.6,91.6,16,181.2,,,
Partizan,21.5,39.3,54.7%,8.4,24.9,33.6%,12.7,15.9,80.1%,10.2,22.5,32.6,17.4,7.1,12.5,2.3,2.8,20.9,19.2,85.6,80.8,86.7,13,167.5,,,
Bayern Munich,19.6,35.7,55.2%,9.6,27.4,35.1%,12.1,15.3,78.5%,10.2,22.9,33.1,18.2,6.9,13.5,1.9,2.4,21.8,19,84.5,80.1,83.7,13,163.8,,,
Virtus,20.1,35.3,57.3%,9.4,26.5,35.1%,13.6,17.5,77.7%,10.5,22.5,33,19.4,6.6,13.8,2,3.3,21.1,19.9,87.3,81.8,85.4,13,167.2,,,
Paris,18.5,36.2,51.8%,12.1,33,36.7%,15.8,20.8,76.5%,13.9,23.6,37.5,17.2,7.3,13.9,3,3.6,23,20.8,90.9,89.2,91.6,12,180.8,,,
Anadolu Efes,19.1,34.9,55.0%,9.5,26.3,35.9%,13.9,17.8,78.1%,9.2,21.8,31,17.2,6.8,12.7,2.3,2.4,21.2,19.9,84.9,80.5,84.3,10,164.8,,,
Baskonia,21.2,36.8,57.8%,9.3,27.8,33.2%,17,21.1,79.7%,10.7,23.1,33.7,19,6.1,13.3,2.8,2.5,22.1,21.3,94,86.4,91.9,9,178.3,,,
Asvel,18.8,36.5,51.7%,9.1,27.8,32.5%,14.2,19,74.6%,11.9,22.1,34,17.2,6.7,13.3,2.5,2.5,22.6,20.3,80.2,79.1,86.2,8,165.3,,,
Average,20.9,37.5,55.8%,9.5,26.6,36.0%,15.5,19.8,78.0%,11.2,23.4,34.7,18.7,6.4,12.5,2.5,2.5,21.1,20.8,94.7,85.7,85.7,330,171.4,,,
,M,A,%,M,A,%,M,A,%,O,D,T,,,,F,A,C,D,,M,R,1/0,,,,
,2 FG,,,3FG,,,1FT,,,Rebounds,,,AST,STL,TO,Blocks,,Fouls,,PIR,SCORE,,Win/Lose,,,,
,,,,,,,,,,,,,,,,,,,,,,,,,,,
,,,,,,,,,,,,,,,,,,,,,,,,,,,
Teams perfomens comparation last 3 games,,,,,,,,,,,,,,,,,,,,,,,,,,,
,,,,,,,,,,,,,,,,,,,,,,,,,,,
Home Team,Home/Away,Opponent,2 FG,,,3FG,,,1FT,,,Rebounds,,,AST,STL,TO,Blocks,,Fouls,,PIR,SCORE,,Win/Lose,,
Fenerbahce,,,M,A,%,M,A,%,M,A,%,O,D,T,,,,F,A,C,D,,M,R,1/0,,
18,@,Baskonia,25,46,54.3%,13,26,50.0%,19,22,86.4%,12,27,39,16,4,4,3,1,28,21,121,108,93,1,,
19,vs,Olympiacos,26,39,66.7%,10,31,32.3%,6,9,66.7%,14,23,37,17,5,8,3,1,22,17,99,88,80,1,,
20,@,Dubai,20,36,55.6%,9,25,36.0%,14,18,77.8%,4,17,21,13,2,5,1,2,29,19,65,81,92,0,,
,,,23.7,40.3,58.9%,10.7,27.3,39.4%,13.0,16.3,76.9%,10.0,22.3,32.3,15.3,3.7,5.7,2.3,1.3,26.3,19.0,95.0,92.3,88.3,2,,
,,,,,,,,,,,,,,,,,,,,,,,90.0,91.5,181.5,,
,,,,,,,,,,,,,,,,,,,,,,,,,,,
,,,21.7,36.0,59%,11.7,31.7,36.4%,16.3,21.0,77.9%,12.3,23.0,35.3,21.3,9.0,11.7,3.0,1.7,18.7,20.7,113.0,94.7,87.7,2,,
19,vs,Partizan,14,29,48.3%,14,37,37.8%,16,22,72.7%,14,25,39,18,9,10,2,3,15,23,105,86,73,1,,
20,@,Crvena Zvezda,25,37,67.6%,13,33,39.4%,17,21,81.0%,10,25,35,25,8,10,3,0,20,17,128,106,89,1,,
21,vs,AS Monaco,26,42,61.9%,8,25,32.0%,16,20,80.0%,13,19,32,21,10,15,4,2,21,22,106,92,101,0,,
Valencia ,,,M,A,%,M,A,%,M,A,%,O,D,T,,,,F,A,C,D,,M,R,1/0,,
Visitors Team,Home/Away,Opponent,2 FG,,,3FG,,,1FT,,,Rebounds,,,AST,STL,TO,Blocks,,Fouls,,PIR,SCORE,,Win/Lose,,
,,,,,,,,,,,,,,,,,,,,,,,,,,,
,,,,,,,,,,,,,,,,,,,,,,,,,,,
,,,,,,,,,,,,,,,,,,,,,,,,,,,
,,,,,,,,,,,,,,,,,,,,,,,,,,,
,,,,,,,,,,,,,,,,,,,,,,,,,,,
,vs,Real Madrid,18,41,43.9%,10,24,41.7%,9,11,81.8%,12,18,30,20,7,14,1,5,20,19,74,75,81,0,156,-6
,@,Anadolu Efes,18,29,62.1%,11,25,44.0%,12,15,80.0%,7,25,32,18,6,14,5,1,20,19,98,81,75,1,156,6