Stats_ID,Match_ID,Team_ID,2 pt made,2 pt attemps,3 pt made,3 pt attemps,1 pt made,1 pt attemps,offensive rebound,defensive rebound,assists,steals ,turnovers,blocks made,blocks received,fouls committed,fouls drawn,points made,points received,pir
1,1,11,25,41,13,24,14,15,9,18,19,8,12,5,1,19,16,103,87,118
2,1,7,22,38,10,25,13,17,14,18,18,9,15,1,5,16,19,87,103,95
3,2,6,23,45,11,20,10,12,10,22,21,5,8,0,2,19,16,89,76,101
4,2,16,19,43,7,18,17,21,15,19,16,4,13,2,0,16,19,76,89,83
5,3,1,23,37,9,29,12,15,14,26,15,6,14,1,3,21,20,85,78,92
6,3,13,21,38,7,27,15,17,12,20,20,8,12,3,1,20,21,78,85,90
7,4,5,28,46,6,19,8,13,10,20,19,8,10,0,0,21,16,82,92,88
8,4,4,23,36,11,24,13,18,10,22,18,8,13,0,0,16,21,92,82,111
9,5,14,26,42,5,18,20,23,9,21,27,5,10,3,2,20,27,87,79,115
10,5,8,20,37,8,28,15,21,18,20,23,3,13,2,3,27,20,79,87,79
11,6,9,19,31,15,41,13,16,15,19,24,7,14,3,0,23,16,96,102,102
12,6,12,25,46,7,26,31,32,20,23,19,10,10,0,3,16,23,102,96,127
13,7,19,19,35,8,22,12,17,6,25,15,2,10,2,3,19,18,74,68,75
14,7,17,26,43,3,23,7,11,13,25,12,7,10,3,2,18,19,68,74,74
15,8,2,30,50,5,18,9,12,12,28,19,4,11,4,2,22,18,84,89,98
16,8,20,21,41,12,25,11,16,9,23,21,5,8,2,4,18,22,89,84,103
17,9,10,18,27,15,35,15,21,5,30,25,7,16,4,1,24,21,96,77,112
18,9,15,12,40,13,31,14,22,18,28,11,10,18,1,4,21,24,77,96,72
19,10,3,20,39,8,26,13,16,9,26,13,5,12,1,3,22,21,77,80,75
20,10,18,14,35,12,35,16,23,20,30,21,6,15,3,1,22,22,80,77,93
21,11,16,18,40,11,21,11,16,8,22,15,9,9,1,4,22,20,80,78,83
22,11,4,13,25,13,26,13,19,4,26,19,4,16,4,1,20,22,78,80,89
23,12,8,24,34,14,32,7,11,11,16,20,9,9,1,1,27,18,97,88,103
24,12,5,17,29,10,25,24,30,11,18,14,2,15,1,1,19,26,88,97,92
25,13,17,20,39,10,24,19,26,12,25,19,7,10,4,1,23,23,89,77,105
26,13,12,16,34,8,27,21,28,13,24,16,6,12,1,4,23,23,77,89,77
27,14,20,21,37,8,21,18,27,8,23,16,5,12,5,3,19,22,84,81,91
28,14,10,28,46,6,23,7,10,11,23,12,4,10,3,5,22,19,81,84,78
29,15,2,30,49,10,18,13,18,8,22,27,9,8,3,2,24,25,103,81,131
30,15,6,22,34,5,24,22,23,10,19,13,5,16,2,3,25,24,81,103,78
31,16,1,23,39,5,20,20,21,12,20,12,4,8,2,2,21,23,81,87,91
32,16,11,22,44,6,19,25,28,12,19,12,2,8,2,2,23,20,87,81,83
33,17,3,22,42,14,30,16,24,16,19,22,11,13,3,1,21,20,102,95,114
34,17,9,20,31,14,32,13,18,10,24,24,8,16,1,3,21,20,95,102,108
35,18,14,23,51,8,21,26,30,20,16,16,8,12,1,1,24,29,96,103,104
36,18,7,18,33,16,34,19,25,17,21,23,4,17,1,1,29,23,103,96,106
37,19,18,26,39,12,30,15,21,15,25,22,5,17,5,1,20,21,103,94,121
38,19,19,27,47,8,23,16,17,11,16,22,6,14,1,5,21,20,94,103,94
39,20,13,17,40,12,31,24,33,16,21,25,13,16,1,2,24,26,94,101,103
40,20,15,24,35,10,35,23,31,17,32,23,11,18,2,1,26,23,101,94,120
41,21,11,23,30,9,26,17,24,5,22,15,5,16,1,1,21,21,90,103,90
42,21,13,23,39,14,24,15,19,6,19,24,8,12,1,1,22,21,103,90,117
43,22,16,30,48,5,22,18,22,15,20,17,9,7,1,2,23,20,93,87,104
44,22,1,13,20,12,32,25,30,8,22,18,5,14,2,1,20,23,87,93,98
45,23,4,19,39,9,30,14,18,12,29,17,2,7,3,3,25,21,79,82,83
46,23,2,20,34,7,26,21,30,9,29,18,2,7,3,3,21,24,82,79,94
47,24,9,24,45,7,26,15,21,10,30,16,10,16,4,4,22,23,84,86,89
48,24,14,24,48,8,25,14,20,13,31,14,4,18,4,4,23,22,86,84,82
49,25,15,17,32,14,40,14,27,20,19,18,13,15,5,2,23,22,90,79,93
50,25,19,17,29,10,29,15,18,11,27,20,7,26,2,5,23,23,79,90,81
51,26,17,16,24,11,33,20,24,10,27,24,8,12,3,2,17,23,85,72,115
52,26,3,16,36,10,34,10,10,17,22,11,5,14,2,3,23,17,72,85,62
53,27,10,11,28,9,27,32,44,10,25,21,5,15,2,3,26,28,81,86,81
54,27,5,23,42,6,20,22,33,13,29,19,6,17,3,2,28,26,86,81,91
55,28,12,20,34,8,22,22,30,12,31,17,5,14,7,0,20,23,86,67,111
56,28,6,19,39,4,24,17,22,9,19,17,6,8,0,7,24,20,67,86,54
57,29,8,20,37,6,17,12,14,8,17,11,5,13,0,3,24,22,70,98,63
58,29,20,18,34,14,24,20,22,10,20,18,10,10,3,0,22,24,98,70,123
59,30,7,28,43,11,23,19,23,9,19,24,8,13,1,4,18,23,108,102,123
60,30,18,25,35,19,29,13,16,8,17,23,8,13,4,1,23,18,102,108,114
61,31,13,14,30,7,27,22,29,12,21,18,8,12,1,1,20,25,71,92,80
62,31,7,23,35,10,31,16,19,14,26,20,7,12,1,1,25,20,92,71,106
63,32,10,20,34,5,23,14,15,9,19,10,5,15,3,1,27,20,69,93,59
64,32,6,18,33,10,25,27,31,12,21,16,10,9,1,3,20,24,93,69,111
65,33,5,30,51,2,10,22,31,13,27,17,10,16,5,1,23,26,88,79,108
66,33,20,19,37,8,25,17,22,10,19,18,11,16,1,5,26,22,79,88,73
67,34,12,15,29,9,26,21,28,10,29,14,6,14,3,4,18,24,78,82,90
68,34,1,18,44,12,28,10,12,12,24,15,9,9,4,3,24,18,82,78,84
69,35,8,16,33,6,25,14,17,8,26,14,8,9,2,2,20,18,64,53,70
70,35,4,16,40,3,19,12,14,14,29,10,3,15,2,2,18,20,53,64,54
71,36,14,28,44,7,20,14,21,13,25,21,1,8,2,1,20,21,91,85,109
72,36,3,13,26,15,32,14,20,4,20,22,4,7,1,2,21,20,85,91,90
73,37,19,15,32,11,33,14,16,15,29,18,5,13,4,4,21,18,77,73,87
74,37,2,12,36,11,26,16,19,9,24,17,6,9,4,4,19,21,73,77,80
75,38,18,21,37,13,35,12,18,12,24,21,9,13,4,1,21,19,93,100,103
76,38,11,25,41,12,26,14,15,6,26,21,9,13,1,4,19,21,100,93,117
77,39,17,23,31,10,30,17,19,10,26,19,4,14,3,1,23,17,93,86,104
78,39,16,18,33,11,26,17,22,7,17,15,5,7,1,3,17,23,86,93,92
79,40,15,24,36,13,36,18,24,14,27,18,8,12,5,4,28,18,105,87,110
80,40,9,18,30,8,35,27,32,14,23,22,4,16,4,5,18,28,87,105,99
81,41,6,20,37,7,25,22,28,12,34,16,3,12,5,2,22,22,83,78,98
82,41,7,16,43,10,27,16,24,13,26,18,5,9,2,5,23,22,78,83,75
83,42,20,16,36,12,32,10,13,17,21,19,7,11,2,3,18,15,78,89,84
84,42,4,18,40,12,21,17,19,9,24,19,3,9,3,2,15,17,89,78,105
85,43,10,17,26,13,27,15,18,6,27,20,7,16,2,1,24,23,88,73,106
86,43,8,22,41,5,21,14,20,9,17,19,11,11,1,2,23,24,73,88,77
87,44,13,25,43,10,27,14,19,12,18,15,9,12,3,3,24,21,94,95,90
88,44,12,26,35,9,26,16,18,10,23,26,2,16,3,3,21,24,95,94,115
89,45,5,23,44,10,20,14,20,12,28,19,6,15,4,2,23,25,90,75,107
90,45,17,23,42,5,27,14,23,18,22,13,8,13,2,4,25,23,75,90,69
91,46,2,26,52,7,19,17,20,13,24,21,7,11,4,6,22,24,90,84,103
92,46,18,18,39,11,33,15,18,19,25,19,9,14,4,6,24,21,84,90,95
93,47,1,17,37,11,24,14,20,10,19,15,5,10,3,1,17,17,81,95,83
94,47,14,25,38,9,27,18,21,11,23,27,6,11,1,3,17,17,95,81,115
95,48,3,21,31,7,29,20,22,13,15,16,6,14,4,1,22,24,83,90,90
96,48,19,22,29,11,31,13,15,14,16,22,7,17,1,4,25,21,90,83,96
97,49,15,20,46,8,31,24,27,16,25,17,6,11,5,5,25,24,88,89,88
98,49,11,14,32,12,32,25,29,12,32,20,6,14,5,5,24,25,89,88,104
99,50,9,20,32,9,28,12,13,8,21,18,4,12,7,2,20,16,79,91,87
100,50,16,26,51,10,18,9,12,13,23,19,3,8,2,7,16,19,91,79,103
101,51,13,25,38,8,23,18,22,3,19,23,5,10,4,0,23,23,92,91,104
102,51,17,19,36,11,27,20,29,17,24,23,5,17,0,4,23,23,91,92,97
103,52,3,14,37,13,34,18,23,15,20,19,8,11,6,6,22,22,85,79,87
104,52,6,22,41,4,16,23,28,12,28,22,8,16,6,6,22,22,79,85,97
105,53,11,25,39,8,23,11,13,9,25,19,5,14,7,1,19,18,85,77,103
106,53,2,17,37,9,31,16,21,16,19,16,5,11,1,7,19,19,77,85,69
107,54,7,18,41,7,22,16,20,15,24,14,6,13,2,3,17,21,73,88,80
108,54,20,22,36,11,27,11,14,8,22,16,9,11,3,2,21,16,88,73,95
109,55,4,24,38,11,34,19,26,14,20,24,8,4,2,2,20,24,100,103,122
110,55,18,20,29,15,34,18,23,10,25,18,3,9,2,2,24,20,103,100,113
111,56,5,19,39,10,25,22,27,10,30,19,7,11,4,4,18,26,90,72,113
112,56,9,21,42,8,30,6,12,14,27,17,7,13,4,4,26,18,72,90,67
113,57,1,15,29,9,25,12,22,7,20,18,7,14,1,2,20,26,69,79,72
114,57,10,18,31,10,24,13,18,10,25,19,7,18,2,1,26,20,79,69,85
115,58,19,27,48,9,22,11,16,11,28,22,10,13,1,4,27,19,92,75,100
116,58,14,19,35,4,21,25,28,7,21,13,4,13,4,1,19,27,75,92,82
117,59,16,19,35,9,35,18,23,17,13,12,7,14,2,4,14,24,83,101,79
118,59,15,20,31,17,30,10,10,11,25,22,9,21,4,2,24,14,101,83,115
119,60,8,15,29,11,34,8,11,10,23,17,7,18,0,3,18,17,71,96,66
120,60,12,24,35,13,28,9,15,5,27,25,12,10,3,0,17,18,96,71,127
121,61,20,20,35,10,25,16,21,9,30,20,5,13,5,1,18,18,86,65,106
122,61,19,18,34,5,20,14,19,4,22,16,8,12,1,5,18,18,65,86,63
123,62,5,21,34,8,26,13,18,9,28,22,9,17,0,4,21,20,79,65,89
124,62,3,16,27,7,31,12,16,8,22,18,10,16,4,0,20,21,65,79,73
125,63,8,24,36,9,34,15,18,11,28,20,9,7,3,3,25,22,90,84,108
126,63,17,19,36,9,27,19,24,9,26,14,5,13,3,3,22,24,84,90,87
127,64,14,26,49,9,27,20,25,19,22,23,11,7,1,3,17,25,99,85,127
128,64,13,26,38,7,26,12,15,10,25,21,4,14,3,1,25,17,85,99,92
129,65,7,21,38,8,20,8,10,9,25,11,7,18,4,1,16,17,74,72,81
130,65,4,23,38,7,27,5,5,9,20,15,10,14,1,4,17,16,72,74,73
131,66,9,20,35,10,25,22,32,11,27,18,5,11,0,1,24,25,92,85,102
132,66,6,17,36,12,30,15,18,9,25,15,3,10,1,0,26,24,85,92,86
133,67,15,11,29,12,35,22,27,19,22,17,5,18,3,4,23,22,80,90,77
134,67,1,21,37,8,28,24,28,12,25,19,7,11,4,3,22,22,90,80,103
135,68,18,22,40,10,32,20,23,16,26,17,5,13,3,3,20,21,94,79,103
136,68,10,19,39,10,28,11,16,12,23,14,6,15,3,3,22,20,79,94,74
137,69,11,23,34,12,26,15,20,7,25,19,5,11,6,1,20,22,97,84,119
138,69,16,24,45,8,22,12,15,10,21,16,6,12,1,6,22,18,84,97,78
139,70,12,24,35,4,22,27,34,12,24,16,3,13,2,0,23,26,87,92,98
140,70,2,23,36,10,24,16,22,6,20,21,5,8,0,2,26,23,92,87,98
141,71,20,25,36,9,17,19,24,8,31,25,7,15,2,0,16,25,96,59,139
142,71,3,16,41,6,29,9,12,16,13,15,9,10,0,2,25,16,59,96,40
143,72,13,18,43,10,28,26,37,19,20,17,4,11,3,3,28,30,92,99,89
144,72,5,25,46,8,27,25,35,24,26,21,5,14,3,3,31,27,99,92,107
145,73,18,18,30,11,35,11,15,13,27,18,4,19,2,3,18,18,80,78,82
146,73,6,21,44,9,26,9,11,12,22,14,9,16,3,2,18,18,78,80,81
147,74,8,13,27,12,30,24,28,10,25,21,13,15,3,1,18,26,86,70,114
148,74,19,18,33,8,26,10,16,10,23,17,7,20,1,3,26,18,70,86,58
149,75,4,17,37,10,31,22,23,14,29,23,6,9,4,2,19,20,86,77,110
150,75,15,19,37,8,36,15,18,18,27,14,4,12,2,4,20,19,77,86,76
151,76,17,21,37,9,22,15,17,6,34,19,5,14,9,3,19,21,84,58,111
152,76,10,15,41,6,28,10,13,16,21,11,8,11,3,9,22,19,58,84,43
153,77,2,26,39,8,25,16,19,8,28,25,7,11,4,2,19,19,92,84,118
154,77,14,25,43,8,24,10,16,8,21,14,7,10,2,4,19,19,84,92,82
155,78,12,16,33,7,31,9,10,13,31,16,4,16,3,2,16,18,62,58,71
156,78,11,15,31,7,29,7,9,7,27,12,6,14,2,3,18,16,58,62,53
157,79,16,21,39,8,26,10,15,13,27,21,4,14,2,0,24,18,76,78,82
158,79,7,11,20,13,32,17,27,6,24,18,9,13,0,2,19,24,78,76,87
159,80,9,25,37,7,20,15,22,9,26,20,5,14,7,0,21,21,86,75,107
160,80,1,12,27,14,37,9,12,12,19,18,6,14,0,7,21,20,75,86,67
161,81,5,30,43,3,22,17,21,13,31,21,5,17,5,1,22,22,86,68,107
162,81,14,15,35,9,33,11,16,13,18,11,4,12,1,5,22,22,68,86,49
163,82,10,18,44,11,26,12,15,18,24,19,3,5,2,3,23,20,81,67,92
164,82,3,17,34,6,20,15,20,7,25,14,2,10,3,2,20,23,67,81,73
165,83,6,22,38,7,23,32,40,8,20,16,4,6,2,4,26,27,97,109,98
166,83,11,28,46,11,23,20,26,13,27,17,1,10,4,2,27,26,109,97,122
167,84,9,20,32,11,27,14,16,8,22,25,4,11,2,3,23,19,87,76,100
168,84,19,17,38,8,25,18,20,13,22,19,5,14,3,2,20,23,76,87,85
169,85,15,18,39,8,30,22,27,15,25,10,5,12,2,4,20,28,82,86,83
170,85,8,13,29,16,36,12,16,13,29,17,4,18,4,2,28,20,86,82,85
171,86,13,30,50,10,32,17,21,14,32,28,4,12,4,1,28,22,107,112,124
172,86,2,27,43,12,35,22,30,11,27,28,8,9,1,4,23,28,112,107,132
173,87,1,29,49,10,32,5,5,10,21,19,5,12,2,1,22,17,93,97,90
174,87,4,16,33,15,32,20,24,11,29,20,5,17,1,2,17,22,97,93,111
175,88,20,17,34,12,29,16,22,16,25,17,4,14,5,4,17,25,86,77,103
176,88,18,24,49,8,22,5,7,14,18,16,8,9,4,5,25,17,77,86,74
177,89,12,16,34,8,22,24,31,15,25,17,8,18,2,1,14,22,80,71,97
178,89,16,26,44,5,17,4,5,5,21,16,12,15,1,2,22,14,71,80,70
179,90,7,20,38,14,27,10,13,7,14,23,6,8,0,2,22,21,92,101,97
180,90,17,19,34,15,26,18,19,10,26,18,3,17,2,0,21,21,101,92,116
181,91,6,24,39,11,27,21,26,15,20,24,5,9,0,1,25,25,102,86,120
182,91,5,20,39,10,21,16,20,11,15,20,3,11,1,0,25,25,86,102,91
183,92,10,17,27,10,31,20,22,12,29,17,4,17,1,1,29,22,84,75,89
184,92,13,20,49,4,23,23,26,20,18,10,8,10,1,1,22,28,75,84,76
185,93,11,28,44,12,21,22,23,12,21,20,6,10,1,4,19,22,114,89,137
186,93,9,30,40,5,18,14,18,6,13,22,6,12,4,1,23,19,89,114,96
187,94,16,13,34,13,30,13,16,10,28,15,9,16,2,2,28,17,78,76,72
188,94,2,18,34,5,22,25,31,7,25,15,6,10,2,2,19,27,76,78,88
189,95,19,20,25,18,34,5,7,5,22,27,6,14,3,2,16,16,99,89,121
190,95,1,21,36,13,33,8,10,13,16,21,6,10,2,3,16,18,89,99,99
191,96,18,14,28,16,41,13,21,5,32,20,8,9,4,8,24,24,89,76,94
192,96,17,13,34,7,31,29,34,14,37,16,5,16,8,4,24,24,76,89,86
193,97,15,18,37,14,39,17,23,20,19,15,8,10,1,6,26,16,95,101,82
194,97,14,24,42,12,25,17,26,15,26,27,6,10,6,1,17,25,101,95,138
195,98,12,26,42,7,22,22,30,11,30,18,4,10,3,1,20,25,95,78,116
196,98,20,21,45,6,33,18,25,25,22,13,4,10,1,3,25,20,78,95,67
197,99,8,20,39,9,24,7,10,13,22,14,8,14,1,2,18,18,74,75,79
198,99,7,21,39,8,17,9,12,6,21,16,8,14,2,1,18,18,75,74,83
199,100,4,17,37,12,24,10,15,13,20,24,9,14,0,3,20,22,80,72,94
200,100,3,13,32,9,25,19,22,14,21,12,9,17,3,0,22,20,72,80,74
201,101,5,20,42,12,18,15,27,11,22,20,7,11,1,5,20,24,91,79,100
202,101,2,23,37,7,21,12,19,8,22,16,6,15,5,1,25,20,79,91,80
203,102,10,21,44,7,19,11,15,16,23,13,4,12,5,2,23,15,74,68,74
204,102,11,18,40,8,23,8,9,10,22,11,4,12,2,5,15,22,68,74,69
205,103,17,20,41,7,21,16,18,12,23,14,4,9,1,2,19,20,77,87,85
206,103,14,22,26,9,25,16,20,7,23,17,3,4,2,1,20,19,87,77,99
207,104,15,18,35,12,35,18,20,15,22,25,10,18,2,2,27,25,90,86,100
208,104,18,13,29,14,33,18,27,15,26,17,9,23,2,2,25,27,86,90,88
209,105,13,20,44,10,24,19,24,16,27,20,5,12,3,2,14,23,89,83,112
210,105,9,23,38,8,29,13,16,11,24,18,5,9,2,3,24,14,83,89,82
211,106,6,30,50,7,19,14,20,12,25,21,6,9,1,1,22,21,95,89,111
212,106,20,24,45,9,26,14,19,14,21,21,3,12,1,1,21,21,89,95,93
213,107,1,17,31,9,24,13,17,9,24,18,7,15,2,2,20,22,74,72,86
214,107,8,17,29,9,32,11,13,8,21,15,6,13,2,2,22,20,72,74,70
215,108,3,23,39,8,21,18,26,10,18,15,10,12,5,5,17,23,88,87,98
216,108,16,22,31,10,32,13,13,11,22,16,7,17,5,5,23,17,87,88,89
217,109,7,19,39,14,33,8,11,14,19,20,8,9,3,0,20,17,88,81,98
218,109,19,23,38,7,20,14,20,11,25,19,7,13,0,3,18,20,81,88,95
219,110,4,21,34,13,28,7,11,11,21,20,5,11,1,2,19,16,88,87,98
220,110,12,21,36,10,26,15,18,9,20,20,3,7,2,1,16,18,87,88,101
221,111,3,13,36,2,25,20,22,22,23,9,8,23,1,1,23,22,52,84,42
222,111,2,22,38,6,25,22,28,12,25,18,18,10,1,1,22,23,84,52,107
223,112,1,18,27,5,19,23,30,11,25,14,3,17,1,4,19,24,74,73,82
224,112,7,21,38,7,32,10,11,16,16,19,10,8,4,1,24,19,73,74,81
225,113,14,29,39,11,27,12,15,9,27,24,6,10,4,0,19,18,103,82,133
226,113,6,25,42,4,23,20,23,11,17,20,6,10,0,4,18,18,82,103,83
227,114,4,25,43,5,24,18,20,10,17,21,6,8,5,2,16,22,83,105,99
228,114,11,31,43,10,22,13,14,8,29,23,4,10,2,5,22,16,105,83,125
229,115,17,33,54,2,9,28,33,11,22,14,9,12,4,1,21,26,100,99,119
230,115,20,23,32,12,27,17,21,3,21,21,6,13,1,4,27,21,99,100,100
231,116,12,16,37,14,32,24,31,18,20,24,12,12,2,3,19,26,98,86,120
232,116,15,16,29,15,37,9,11,14,25,20,7,19,3,2,27,19,86,98,89
233,117,19,17,23,17,38,14,21,12,23,27,6,13,2,1,23,20,99,89,118
234,117,13,16,31,12,40,21,27,21,18,26,9,9,1,2,20,23,89,99,107
235,118,16,22,39,7,19,22,28,7,21,14,7,9,3,0,25,27,87,99,97
236,118,10,17,33,15,29,20,24,8,23,22,4,12,0,3,27,25,99,87,105
237,119,9,23,30,12,29,13,15,3,30,22,4,14,2,1,21,21,95,73,115
238,119,8,16,32,8,29,17,18,6,22,14,5,14,1,2,21,21,73,95,67
239,120,18,17,33,10,31,12,18,9,22,19,13,12,5,2,20,17,76,73,84
240,120,5,15,36,10,26,13,15,14,30,16,7,19,2,5,18,20,73,76,81
241,121,6,15,29,10,29,30,38,11,27,21,5,14,4,2,27,30,90,89,104
242,121,15,17,41,11,28,22,30,15,25,19,7,10,2,4,31,27,89,90,90
243,122,10,13,36,9,29,13,13,12,25,16,6,10,3,2,19,22,66,64,76
244,122,19,14,26,8,27,12,16,7,29,17,6,16,2,3,22,19,64,66,68
245,123,20,16,40,14,23,8,15,8,24,19,6,11,3,4,17,21,82,67,91
246,123,9,20,37,6,21,9,13,8,26,15,8,16,4,3,21,17,67,82,69
247,124,11,15,29,12,31,8,8,4,26,12,5,12,4,5,20,18,74,75,73
248,124,17,17,31,10,27,11,16,8,26,13,6,14,5,4,18,20,75,74,81
249,125,14,27,43,7,19,16,24,13,31,25,5,12,2,2,20,20,91,69,117
250,125,16,21,38,4,24,15,16,4,18,14,6,7,2,2,20,20,69,91,66
251,126,18,20,39,11,30,17,25,17,31,16,4,11,3,4,15,23,90,64,108
252,126,8,17,35,6,34,12,16,15,26,16,8,13,4,3,24,15,64,90,58
253,127,13,16,34,14,27,14,17,7,19,17,3,12,3,2,24,19,88,102,84
254,127,4,20,32,13,31,23,24,11,24,22,5,10,2,3,19,24,102,88,127
255,128,5,17,31,15,35,12,15,13,22,20,12,11,0,2,19,16,91,80,105
256,128,12,15,27,13,34,11,15,12,22,20,7,17,2,0,16,18,80,91,91
257,129,2,28,42,5,21,31,33,13,20,28,15,9,0,0,18,31,102,66,150
258,129,1,16,26,9,24,7,11,4,17,15,3,23,0,0,31,18,66,102,40
259,130,7,24,48,7,21,19,24,19,21,21,10,11,1,3,23,28,88,78,108
260,130,3,20,36,4,18,26,33,12,19,14,8,17,3,1,29,22,78,88,72
261,131,1,18,41,10,24,9,11,12,18,20,7,14,1,5,20,19,75,81,74
262,131,17,18,29,11,25,12,15,7,25,18,6,14,5,1,20,19,81,75,98
263,132,20,14,46,5,29,18,25,20,33,12,6,12,3,8,21,25,65,83,62
264,132,13,21,45,8,27,17,24,13,35,17,9,11,8,3,25,21,83,65,97
265,133,2,25,37,17,28,24,28,8,27,30,9,15,4,2,21,21,125,104,159
266,133,15,26,49,14,28,10,17,13,18,9,10,15,2,4,21,21,104,125,93
267,134,11,28,51,5,18,16,20,7,29,19,10,10,0,6,15,22,87,80,103
268,134,3,20,40,9,26,13,13,7,31,20,5,16,6,0,23,15,80,87,88
269,135,16,27,52,8,23,14,23,14,24,19,6,6,2,3,18,23,92,85,104
270,135,8,14,27,13,32,18,19,7,32,16,3,17,3,2,24,18,85,92,88
271,136,5,22,41,4,24,23,30,17,21,14,5,14,1,3,18,26,79,89,82
272,136,7,23,39,10,29,13,14,12,23,20,11,16,3,1,26,17,89,79,96
273,137,14,19,35,8,27,17,22,8,26,21,9,17,0,1,20,24,79,89,89
274,137,18,18,30,14,41,11,13,13,28,22,7,19,1,0,24,20,89,79,96
275,138,19,17,39,11,23,12,15,7,23,15,11,10,2,3,21,20,79,78,86
276,138,6,18,33,9,28,15,21,12,27,18,6,13,3,2,20,21,78,79,90
277,139,9,22,34,11,37,11,16,11,25,19,10,12,1,1,23,18,88,78,93
278,139,4,23,41,5,19,17,23,10,25,13,3,17,1,1,18,23,78,88,79
279,140,12,22,36,7,21,20,22,9,19,21,3,12,3,3,19,24,85,98,100
280,140,10,28,46,7,30,15,24,22,30,15,6,16,2,0,27,22,92,86,96
281,141,13,25,39,7,28,21,28,14,32,17,5,11,5,2,18,24,92,84,116
282,141,3,23,46,10,29,8,11,10,23,17,6,8,2,5,24,18,84,92,78
283,142,18,18,30,14,33,16,22,10,23,25,6,10,4,1,17,19,94,82,116
284,142,1,21,34,9,27,13,17,10,24,15,7,14,1,4,19,17,82,94,84
285,143,4,12,21,17,33,21,28,9,20,20,4,12,3,2,18,23,96,89,111
286,143,14,25,47,9,22,12,14,15,19,19,8,11,2,3,23,18,89,96,96
287,144,15,24,46,14,32,15,18,13,21,21,6,8,1,6,23,18,105,108,105
288,144,20,31,49,10,21,16,24,12,27,27,4,13,6,1,18,23,108,105,138
289,145,17,21,41,8,19,28,31,11,29,16,5,15,6,2,21,25,94,87,114
290,145,9,21,35,12,31,9,15,8,21,20,3,9,2,6,25,21,87,94,83
291,146,6,25,41,6,23,21,23,14,24,18,9,13,5,5,20,24,89,88,110
292,146,8,18,34,12,28,16,22,11,19,22,5,15,5,5,24,19,88,89,87
293,147,2,19,42,7,22,27,32,9,21,16,7,11,0,2,24,26,86,92,85
294,147,10,18,31,8,23,17,20,11,24,14,6,22,1,1,21,17,77,81,75
295,148,19,17,32,11,29,7,10,13,22,23,4,18,4,1,22,16,74,79,79
296,148,11,24,38,8,23,7,10,9,22,13,11,13,1,4,16,22,79,74,92
297,149,16,26,42,4,24,15,17,12,25,14,9,12,0,3,19,21,79,76,88
298,149,5,15,26,11,36,13,19,11,24,18,5,14,3,0,21,19,76,79,79
299,150,7,21,44,13,26,17,21,19,19,17,9,9,3,3,24,19,98,85,108
300,150,12,20,31,12,32,16,22,14,15,22,6,10,3,1,17,22,92,99,109
301,151,6,22,33,10,28,21,26,4,24,22,6,7,5,0,19,21,95,97,117
302,151,13,25,40,13,30,8,11,10,25,22,3,11,0,5,22,18,97,95,102
303,152,10,21,41,12,24,9,10,8,28,18,6,11,2,2,24,15,87,72,94
304,152,14,19,44,7,21,22,25,13,18,16,13,15,1,1,17,21,81,77,88
305,153,11,17,28,12,34,14,19,11,26,21,8,12,7,1,19,23,84,78,110
306,153,5,21,40,7,24,15,18,12,24,11,6,13,1,7,23,19,78,84,69
307,154,12,26,38,12,28,19,24,11,18,25,9,9,4,5,14,25,107,84,138
308,154,18,19,37,16,32,13,16,18,18,29,7,13,1,3,22,17,99,92,114
309,155,4,14,29,14,27,19,22,4,25,14,6,11,6,6,23,19,89,82,92
310,155,17,17,39,9,32,21,26,19,24,12,5,9,6,6,20,23,82,89,86
311,156,15,22,44,6,22,7,14,13,21,12,4,13,4,2,22,19,69,85,60
312,156,7,24,40,7,24,16,18,11,29,18,4,13,2,4,19,22,85,69,100
313,157,20,16,34,7,26,11,15,8,26,16,3,9,2,2,20,20,64,87,67
314,157,1,17,37,11,22,20,26,7,28,22,9,6,2,2,20,20,87,64,110
315,158,3,20,36,9,24,9,17,8,26,18,9,16,5,2,18,19,76,74,86
316,158,8,17,38,10,22,10,11,7,25,20,8,16,2,5,20,18,74,76,79
317,159,16,20,39,8,22,4,5,6,27,15,5,20,6,1,21,17,68,86,68
318,159,19,22,37,11,31,9,16,11,26,22,12,12,1,6,17,21,86,68,102
319,160,9,15,32,12,25,19,27,8,32,18,6,15,6,4,25,24,85,73,97
320,160,2,20,52,4,19,21,23,14,24,12,9,10,4,6,26,25,73,85,70
321,161,13,21,36,7,27,22,26,8,24,14,8,10,3,3,14,21,85,82,97
322,161,18,20,34,10,39,12,17,18,28,20,6,14,3,3,21,14,82,85,85
323,162,14,25,44,7,26,22,23,8,23,17,3,4,2,1,20,21,93,82,103
324,162,11,23,35,9,29,9,20,13,27,18,1,13,1,2,22,20,82,93,82
325,163,4,15,36,8,26,18,19,12,24,11,4,13,2,2,15,24,72,87,79
326,163,10,18,37,6,18,18,24,12,27,12,6,15,3,2,16,18,72,71,80
327,164,17,25,41,12,33,9,14,15,26,23,9,11,8,3,15,20,95,90,125
328,164,15,20,42,15,34,5,8,14,24,18,6,12,3,8,20,15,90,95,86
329,165,1,19,37,8,25,14,19,11,23,12,4,10,2,3,24,20,76,80,71
330,165,6,25,46,3,17,21,26,12,25,22,6,8,3,2,20,22,80,76,100
331,166,20,34,46,9,22,14,19,15,26,26,4,15,2,2,20,19,109,68,134
332,166,16,22,38,5,21,9,14,7,11,17,5,15,2,2,21,20,68,109,55
333,167,2,30,42,8,20,19,22,10,31,24,5,12,5,1,17,26,103,77,147
334,167,8,22,42,9,29,6,8,11,14,13,5,13,1,5,26,16,77,103,51
335,168,12,17,28,14,31,21,24,14,26,19,2,18,4,0,24,26,97,94,115
336,168,3,25,39,9,24,7,9,10,20,20,5,16,5,4,25,14,84,107,82
337,169,7,33,61,12,28,32,38,15,29,18,8,11,3,3,22,31,97,97,152
338,169,9,29,53,15,31,21,24,11,30,23,4,16,3,3,32,22,97,97,123
339,170,5,25,38,9,30,13,23,13,20,18,7,10,2,2,20,22,90,89,96
340,170,19,17,26,12,25,19,23,4,23,22,8,17,2,2,22,20,89,90,101
341,171,6,25,43,8,23,25,31,9,30,15,5,6,1,2,25,23,99,92,112
342,171,4,18,37,13,30,17,24,8,25,20,4,6,2,1,23,23,92,99,101
343,172,10,25,46,13,26,19,22,12,27,16,4,4,3,1,28,21,108,93,121
344,172,7,17,36,11,31,4,4,10,22,17,9,10,2,3,18,15,71,72,76
345,173,20,27,50,7,22,10,15,12,21,19,6,9,3,3,20,17,85,92,88
346,173,14,23,42,13,22,7,10,5,30,24,6,11,3,3,17,20,92,85,118
347,174,8,21,38,7,23,9,16,11,20,16,7,14,3,2,19,21,72,82,75
348,174,11,22,40,6,21,16,20,12,25,10,8,14,2,3,21,19,82,72,85
349,175,18,16,35,13,28,20,23,11,23,18,6,17,1,4,23,19,91,81,88
350,175,9,21,35,7,26,18,20,10,23,16,7,22,4,1,20,23,81,91,86
351,176,15,17,32,16,37,20,24,10,22,23,10,11,6,0,19,20,102,92,123
352,176,5,17,28,15,35,13,18,10,25,23,7,19,0,6,20,18,92,102,94
353,177,3,32,49,7,25,18,26,10,26,21,8,12,3,3,24,28,103,99,117
354,177,1,23,43,10,25,23,29,11,26,16,5,15,3,3,28,24,99,103,97
355,178,16,17,31,13,33,14,18,8,19,22,4,14,1,2,19,20,87,112,88
356,178,13,28,38,15,38,11,13,16,29,29,11,10,2,1,20,19,112,87,152
357,179,2,28,50,9,24,17,20,17,23,17,9,13,5,2,23,22,100,95,115
358,179,17,19,41,13,26,18,22,13,20,18,9,12,2,5,23,21,95,100,99
359,180,19,21,38,11,24,19,25,6,13,22,12,7,0,4,26,24,94,97,98
360,180,12,18,30,10,31,21,28,15,24,21,4,13,4,2,18,24,87,82,106
361,181,11,22,37,9,26,9,12,3,18,20,6,5,3,1,18,19,80,93,90
362,181,20,28,51,8,15,13,16,11,29,17,2,10,1,3,19,17,93,80,105
363,182,3,22,45,11,31,17,26,23,27,22,6,16,2,2,27,26,94,89,103
364,182,15,13,29,12,36,27,36,15,23,21,8,14,2,2,26,27,89,94,94
365,183,18,14,29,14,37,16,22,14,25,18,9,10,2,3,15,23,86,73,105
366,183,16,19,32,9,27,8,11,7,25,20,7,14,3,2,23,15,73,86,77
367,184,7,23,37,6,27,10,12,9,22,14,4,10,0,4,20,20,74,90,72
368,184,2,25,47,9,21,13,16,13,25,19,7,11,4,0,20,20,90,74,110
369,185,1,20,33,4,26,13,15,5,17,17,15,22,1,2,18,16,65,87,60
370,185,5,25,34,9,23,10,11,6,30,28,8,23,2,1,16,18,87,65,115
371,186,9,20,39,10,31,23,30,17,23,13,2,10,1,3,22,26,93,108,93
372,186,10,26,39,10,31,6,9,14,23,17,5,8,3,1,22,17,88,80,99
373,187,14,22,37,7,28,17,18,12,21,15,5,11,2,4,25,18,82,87,78
374,187,12,23,41,5,23,19,22,12,22,19,2,8,1,3,17,22,80,88,91
375,188,19,25,41,12,24,11,12,10,20,20,8,16,3,3,24,21,97,85,107
376,188,4,24,39,6,25,19,22,13,19,16,10,16,3,3,22,24,85,97,92
377,189,17,29,45,9,20,22,24,14,19,20,7,10,7,3,19,23,107,93,136
378,189,6,20,40,10,21,23,24,8,15,17,4,9,3,7,24,18,93,107,86
379,190,8,26,39,8,25,19,24,10,25,25,8,10,1,2,27,19,95,71,109
380,190,13,15,28,6,25,23,27,8,22,15,3,17,2,1,20,27,71,95,74
381,191,10,20,36,9,25,14,18,4,17,13,2,5,1,2,29,19,81,92,65
382,191,12,24,33,9,33,20,24,14,21,28,10,15,0,1,16,21,95,80,120
383,192,2,22,37,15,25,12,16,9,23,22,7,15,4,1,17,19,101,84,123
384,192,16,21,33,11,27,9,12,4,17,15,10,15,1,4,20,16,84,101,77
385,193,3,17,37,9,29,8,12,12,19,14,5,12,5,2,25,15,69,80,56
386,193,17,19,33,8,20,18,26,9,29,16,5,14,2,5,15,25,80,69,98
387,194,5,20,38,11,31,16,20,10,25,21,4,13,0,3,19,20,89,106,92
388,194,18,25,37,13,33,17,21,10,25,25,8,10,3,0,20,17,106,89,128
389,195,11,26,44,4,19,21,22,14,33,9,10,11,0,6,17,21,85,60,104
390,195,6,19,44,4,19,10,17,12,19,14,6,14,6,0,22,17,60,85,51
391,196,14,16,38,10,21,12,15,5,26,20,7,17,3,6,17,21,74,87,80
392,196,4,25,43,10,23,7,11,7,30,22,9,13,6,3,21,17,87,74,106
393,197,19,18,31,10,33,17,19,14,23,19,5,14,3,2,21,20,83,79,92
394,197,20,22,46,7,18,14,18,12,20,22,8,12,2,3,20,21,79,83,90
395,198,7,16,24,15,30,16,17,5,21,20,3,18,3,0,22,21,93,83,108
396,198,13,19,40,10,23,15,21,9,18,21,10,10,0,3,21,22,83,93,89
397,199,1,20,31,8,24,15,17,5,24,22,6,19,2,3,20,19,79,84,86
398,199,15,15,25,12,33,18,21,7,20,16,6,15,3,2,19,20,84,79,86
399,200,8,19,30,13,21,19,22,6,22,18,5,18,1,1,21,20,96,89,106
400,200,9,19,36,12,30,15,20,15,13,22,11,13,1,1,20,21,89,96,98
401,201,6,25,41,5,18,27,31,14,28,15,1,8,2,1,21,29,92,81,118
402,201,10,22,35,7,21,17,18,10,24,17,3,17,4,1,19,19,82,79,94
403,202,14,22,42,6,21,22,26,11,28,18,10,10,5,3,20,22,84,71,106
404,202,19,17,34,9,29,10,10,9,26,14,5,16,3,5,23,20,71,84,67
405,203,18,26,42,8,25,16,20,13,19,21,10,15,4,2,21,22,92,101,106
406,203,2,26,40,11,23,16,21,7,19,28,12,14,2,4,23,20,101,92,117
407,204,17,21,35,14,29,14,21,8,28,24,11,14,4,3,22,22,98,86,120
408,204,13,18,40,10,28,20,23,12,20,17,6,12,3,4,22,22,86,98,85
409,205,20,22,40,13,26,12,14,10,22,27,9,11,4,1,21,15,99,67,122
410,205,5,20,37,4,26,15,18,15,21,19,6,16,1,4,16,21,67,99,72
411,206,12,23,35,16,36,10,15,10,35,28,5,8,2,2,16,22,104,66,143
412,206,8,19,30,11,26,9,10,4,19,18,10,21,1,0,21,16,80,95,79
413,207,7,29,44,6,21,12,18,11,24,21,11,7,1,3,14,22,88,70,118
414,207,16,21,40,6,21,10,13,12,22,13,6,15,3,1,22,14,70,88,65
415,208,4,16,31,13,26,16,18,9,22,18,6,13,0,4,19,20,84,74,96
416,208,1,22,32,7,25,9,13,9,17,16,9,15,4,0,20,19,74,87,81
417,209,9,24,39,5,21,15,18,8,27,17,6,13,3,3,19,20,78,73,90
418,209,3,23,44,5,21,12,18,14,21,16,6,12,3,3,20,19,73,78,74
419,210,11,28,42,3,15,16,19,9,24,16,7,17,2,1,17,26,81,73,101
420,210,15,26,47,7,19,14,24,11,29,12,4,11,2,9,21,20,87,95,81
421,211,16,16,35,6,29,16,19,6,23,13,6,9,2,2,22,15,66,104,53
422,211,12,27,43,11,26,13,16,18,22,29,5,16,0,2,16,20,100,93,126
423,212,6,14,31,11,33,11,14,9,24,15,3,10,7,2,22,17,72,80,71
424,212,19,21,38,8,26,14,19,13,30,17,6,11,2,7,17,21,80,72,94
425,213,1,21,43,8,19,9,15,8,23,19,6,15,4,2,25,20,75,89,74
426,213,9,17,33,10,28,25,27,9,27,22,7,14,2,4,20,24,89,75,106
427,214,8,23,38,11,24,6,7,10,22,21,7,11,1,0,19,16,85,78,103
428,214,14,21,35,9,25,9,11,8,18,14,6,9,0,1,16,19,78,85,85
429,215,13,21,38,15,33,13,18,13,21,24,7,9,4,2,20,20,100,97,118
430,215,20,20,33,13,33,18,20,12,24,22,3,11,2,4,20,20,97,100,110
431,216,4,21,31,13,31,15,21,11,19,22,6,12,2,4,23,22,96,104,105
432,216,5,27,46,9,25,23,28,17,19,16,9,9,4,2,22,23,104,96,119
433,217,15,17,33,11,34,17,20,12,24,19,7,19,1,7,26,24,84,98,77
434,217,2,18,39,14,37,17,20,14,25,19,7,6,9,2,20,21,95,87,115
435,218,10,14,27,14,32,15,17,9,26,13,4,15,1,2,24,21,85,80,85
436,218,18,12,35,14,32,13,17,16,16,18,10,14,1,4,20,18,79,82,75
437,219,3,18,30,10,33,7,10,10,19,18,7,19,1,2,26,17,73,81,60
438,219,11,13,31,10,26,15,23,10,24,14,6,10,5,3,19,23,71,66,79
439,220,17,19,35,9,23,15,18,11,25,21,9,14,5,1,19,22,80,61,106
440,220,7,17,33,4,18,15,23,8,20,9,7,15,1,5,22,19,61,80,45
441,221,12,17,29,7,22,19,30,9,27,20,4,10,6,2,21,22,74,68,91
442,221,13,16,30,16,35,13,16,12,13,26,12,12,2,0,20,16,93,100,103
443,222,11,21,36,13,31,20,27,8,24,20,9,17,2,3,22,24,101,104,106
444,222,1,15,34,10,25,6,8,9,28,13,5,15,3,5,23,19,66,71,64
445,223,2,22,44,11,36,19,26,17,20,23,9,11,3,3,22,24,96,100,102
446,223,5,28,45,9,25,17,24,15,35,29,5,18,3,3,24,21,100,96,123
447,224,3,20,39,8,22,13,19,10,17,14,6,14,2,4,24,19,77,96,64
448,224,20,25,35,7,21,25,30,8,26,18,11,12,4,2,19,24,96,77,125
449,225,14,24,38,11,23,12,16,11,16,18,6,9,2,0,15,18,93,74,110
450,225,9,21,35,7,22,11,14,15,17,20,4,17,0,2,18,15,74,93,76
451,226,8,20,38,7,27,2,4,9,22,16,8,13,3,2,17,17,63,67,66
452,226,16,12,30,11,28,10,10,12,28,14,10,19,2,3,17,17,67,63,76
453,227,18,23,35,10,31,22,34,15,27,28,9,15,7,1,25,26,98,84,124
454,227,15,16,38,12,32,11,16,13,19,15,10,14,5,3,19,21,79,99,79
455,228,7,27,42,9,22,10,11,10,19,22,9,10,0,1,18,17,91,89,110
456,228,6,26,37,9,23,10,12,5,18,21,8,10,1,0,18,17,89,91,104
457,229,17,26,36,12,21,18,21,8,27,25,5,13,2,0,22,22,106,77,138
458,229,4,15,28,9,28,20,29,8,12,12,6,11,0,2,22,22,77,106,61
459,230,19,21,37,6,26,20,26,12,22,17,7,10,2,1,21,24,80,85,90
460,230,10,20,31,8,21,20,22,7,29,10,5,20,3,1,27,22,84,71,83
461,231,1,16,37,7,24,15,21,12,21,17,8,8,2,6,23,21,68,74,68
462,231,12,25,42,7,27,16,22,15,23,19,10,12,3,1,21,21,87,75,101
463,232,13,18,33,9,33,12,12,13,23,10,3,8,1,0,15,19,75,71,82
464,232,14,19,37,7,30,12,15,17,25,11,6,9,0,1,20,15,71,75,71
465,233,4,23,34,7,20,15,17,10,24,16,4,17,2,0,24,21,82,86,92
466,233,20,16,36,10,23,24,30,11,14,15,6,9,0,2,21,24,86,82,85
467,234,8,19,33,9,27,28,33,7,31,24,6,12,3,2,21,27,93,89,119
468,234,18,22,35,11,41,12,17,15,25,21,7,13,2,3,27,21,89,93,89
469,235,17,18,31,10,19,24,35,6,29,23,5,15,2,1,17,23,90,78,112
470,235,2,21,43,9,27,9,10,10,20,15,6,9,1,2,27,16,78,90,67
471,236,15,25,39,12,37,12,17,19,15,16,8,10,5,5,20,21,98,92,103
472,236,6,19,36,14,28,19,20,11,31,26,8,16,3,5,22,18,99,79,121
473,237,10,17,29,11,28,12,13,10,30,17,5,14,4,3,18,16,79,62,96
474,237,9,19,40,4,22,21,26,12,19,10,10,14,1,3,22,27,71,84,67
475,238,19,26,41,8,25,17,23,11,17,22,5,10,1,1,15,22,93,102,107
476,238,5,22,35,16,35,10,14,14,23,31,4,14,1,1,23,14,102,93,115
477,239,16,24,39,12,34,20,22,12,25,23,13,15,3,2,24,22,104,101,122
478,239,11,20,37,5,30,9,12,14,21,13,9,16,1,4,16,19,64,79,60
479,240,3,22,34,10,27,17,23,7,16,16,10,11,0,1,20,23,91,98,96
480,240,7,22,32,12,19,18,23,4,23,20,7,17,1,0,23,20,98,91,111
481,241,15,15,32,10,30,15,23,10,26,16,10,17,3,3,21,23,75,81,77
482,241,17,17,28,14,32,16,23,14,23,23,6,17,5,5,22,20,92,98,103
483,242,10,19,28,8,20,20,25,6,27,17,1,15,4,1,24,22,82,78,93
484,242,1,19,40,5,24,9,12,11,17,15,7,10,3,4,16,17,62,79,59
485,243,11,13,30,15,29,4,10,6,18,19,11,12,4,2,22,21,75,87,81
486,243,8,26,38,7,23,6,9,8,26,16,8,13,4,1,19,16,79,64,93
487,244,12,23,48,8,26,28,34,14,24,27,7,13,1,1,22,27,98,108,113
488,244,7,16,34,9,20,16,21,7,23,19,6,20,1,3,21,21,87,75,74
489,245,4,23,38,8,22,15,21,9,24,18,2,8,2,3,21,24,85,79,97
490,245,16,19,37,9,22,14,16,8,22,19,4,10,3,2,25,21,79,85,86
491,246,18,24,33,10,32,16,26,11,25,24,5,10,3,2,21,24,94,83,112
492,246,13,22,43,8,25,15,18,13,25,15,6,11,2,3,24,21,83,94,86
493,247,2,13,28,13,33,17,24,12,17,18,8,9,0,3,16,20,82,84,87
494,247,19,20,33,10,25,14,16,11,25,18,6,14,3,0,20,15,84,82,98
495,248,5,25,41,10,27,15,21,14,26,21,1,11,2,3,22,24,95,92,108
496,248,6,22,41,9,24,21,27,12,21,19,8,10,3,2,24,21,92,95,100
497,249,9,28,39,8,27,22,24,12,24,18,4,8,4,3,17,27,102,91,131
498,249,20,21,33,10,28,19,22,8,20,17,2,9,3,4,27,17,91,102,85
499,250,3,12,32,12,30,18,24,12,25,22,5,14,1,4,25,20,78,79,76
500,250,14,20,39,8,23,15,24,14,28,17,8,15,4,1,20,25,79,78,96
501,251,6,28,49,9,24,25,27,10,31,24,8,12,1,1,29,21,108,98,123
502,251,12,26,38,13,28,18,25,11,29,26,7,10,2,3,18,26,109,77,145
503,252,1,29,44,10,22,19,21,7,26,26,6,14,4,2,18,18,107,90,131
504,252,18,25,44,11,27,7,12,10,20,26,6,13,2,4,19,18,90,107,96
505,253,20,23,41,13,31,19,29,16,28,27,4,12,1,4,27,28,104,87,119
506,253,2,24,47,6,18,21,27,9,25,22,6,9,4,1,29,27,87,104,100
507,254,5,23,44,10,24,11,16,20,27,20,7,15,2,4,21,22,87,75,105
508,254,11,26,37,10,36,17,21,11,22,22,5,13,5,4,25,22,99,104,103
509,255,13,26,36,10,26,13,16,6,19,20,8,10,2,1,19,17,95,93,108
510,255,16,22,35,12,30,13,15,12,22,23,8,12,1,2,18,18,93,95,112
511,256,14,23,35,9,27,9,11,6,19,11,7,11,0,2,26,19,82,81,73
512,256,17,18,27,9,32,18,24,13,25,20,6,18,2,0,19,24,81,82,96
513,257,8,18,36,11,38,12,15,19,28,25,8,18,3,3,23,20,81,75,92
514,257,15,19,37,11,32,19,22,12,25,16,5,11,2,2,30,22,90,92,87
515,258,7,20,42,9,30,11,16,15,18,14,4,6,1,4,23,24,78,82,73
516,258,10,19,36,8,23,30,39,12,27,21,9,14,2,2,22,28,92,90,112
517,259,4,23,37,14,24,21,24,9,23,24,3,8,2,1,18,26,109,89,142
518,259,9,26,49,9,24,10,14,15,15,17,8,8,1,2,26,18,89,109,85
519,260,19,19,34,7,22,11,13,6,22,16,6,14,1,2,21,21,70,80,73
520,260,3,22,36,7,29,15,22,17,25,17,10,14,2,1,21,20,80,70,92
521,261,6,23,46,8,24,23,27,11,24,17,6,6,3,2,23,23,93,85,103
522,261,17,23,37,9,35,12,19,18,27,16,5,13,2,3,23,22,85,93,89
523,262,11,25,39,9,19,5,8,7,18,15,5,16,3,1,18,17,82,93,85
524,262,18,30,54,8,22,20,23,16,27,18,7,12,4,5,22,25,104,99,121
525,263,16,24,39,6,23,12,15,7,28,20,8,12,1,1,19,22,78,62,97
526,263,14,19,38,4,19,12,14,6,25,13,6,20,1,1,22,19,62,78,53
527,264,8,18,35,15,33,10,12,12,21,21,6,8,1,4,22,19,91,82,100
528,264,2,19,32,10,30,14,18,13,24,17,3,14,4,1,19,22,82,91,94
529,265,15,19,28,11,30,14,16,5,28,11,6,15,2,4,22,19,85,74,85
530,265,10,15,28,13,30,16,18,9,26,25,3,15,6,0,19,19,85,83,107
531,266,1,15,33,16,32,14,16,7,21,24,8,11,3,3,18,18,92,82,105
532,266,20,20,39,10,19,12,16,8,25,21,6,16,3,3,18,18,82,92,94
533,267,3,17,40,8,31,18,21,15,17,10,7,3,1,2,20,23,76,77,75
534,267,4,20,30,7,19,16,21,6,29,17,0,17,2,1,23,20,77,76,83
535,268,5,20,40,11,31,9,11,16,24,24,9,18,3,3,19,17,82,83,93
536,268,13,20,42,8,23,19,23,15,23,14,10,18,3,3,17,19,83,82,88
537,269,12,16,26,14,35,18,25,10,22,23,7,14,1,1,20,23,92,86,105
538,269,19,20,35,10,28,7,16,9,18,20,3,13,3,2,26,18,77,109,65
539,270,9,22,41,5,21,32,35,8,24,21,3,6,2,1,25,23,91,97,102
540,270,7,20,36,12,24,21,24,7,25,24,3,10,1,2,23,25,97,91,116
541,271,1,20,35,13,31,12,16,10,26,22,7,6,6,1,21,17,91,60,114
542,271,19,14,37,5,26,17,21,18,23,12,2,12,1,6,17,21,60,91,54
543,272,13,20,41,20,33,11,15,14,28,29,8,17,3,1,22,20,111,106,135
544,272,8,24,47,15,30,13,20,13,21,28,8,14,1,3,20,22,106,111,117
545,273,12,26,58,9,30,15,18,20,32,24,7,14,3,8,28,18,94,99,92
546,273,5,25,42,8,26,12,19,15,23,18,5,13,1,1,23,20,86,92,89
547,274,7,22,37,5,32,15,19,16,23,15,10,13,4,2,20,21,74,85,82
548,274,15,18,36,17,36,17,20,13,27,23,4,11,2,4,26,19,104,99,111
549,275,18,16,26,11,29,17,25,4,25,15,8,8,3,1,17,23,82,67,98
550,275,3,13,27,13,33,2,3,10,27,19,3,16,1,3,23,17,67,82,67
551,276,20,29,42,7,23,14,15,10,18,19,8,9,1,3,17,18,93,82,108
552,276,11,27,43,7,17,17,19,5,27,16,5,11,4,2,23,18,92,86,103
553,277,2,27,44,9,25,21,24,12,22,22,3,10,4,0,23,25,102,92,121
554,277,9,17,39,13,26,19,21,13,20,19,4,16,0,4,25,23,92,102,89
555,278,14,27,47,6,17,11,16,8,20,17,10,8,0,6,20,18,83,85,86
556,278,10,19,38,6,24,25,30,15,18,12,9,11,6,2,21,23,81,78,88
557,279,4,20,37,11,26,5,8,5,20,20,2,4,1,2,22,18,78,96,81
558,279,6,23,41,11,22,17,23,11,28,22,3,5,2,1,18,22,96,78,125
559,280,16,25,51,7,28,2,3,17,22,14,6,6,5,3,20,11,73,77,71
560,280,17,20,39,8,21,13,18,10,29,18,4,10,3,5,11,20,77,73,98
561,281,10,24,37,10,29,10,16,14,29,16,2,13,1,4,19,19,88,70,96
562,281,16,26,41,3,15,17,18,6,24,21,6,15,2,6,23,21,78,81,86
563,282,20,23,44,12,30,17,27,13,29,18,9,13,8,3,18,28,99,94,121
564,282,12,19,30,10,30,18,25,13,20,22,10,14,3,1,21,22,86,80,102
565,283,5,21,41,12,24,13,23,13,28,20,4,9,1,5,18,21,91,81,104
566,283,1,19,34,10,29,13,20,8,24,16,7,7,5,1,21,18,81,91,89
567,284,19,32,47,4,20,9,14,14,18,24,9,10,0,4,16,18,85,80,102
568,284,7,20,36,10,26,10,11,14,20,21,4,16,4,0,18,16,80,85,92
569,285,6,34,49,5,19,13,17,6,29,22,5,7,7,1,24,20,96,85,120
570,285,3,16,44,11,26,20,26,16,27,15,3,10,1,7,20,24,85,96,85
571,286,2,20,32,7,35,25,27,12,21,24,5,10,2,3,21,26,86,91,100
572,286,13,21,31,12,35,13,18,12,25,22,6,14,3,2,27,20,91,86,98
573,287,11,23,34,6,20,16,25,9,28,19,4,17,3,3,17,22,80,75,94
574,287,4,20,39,9,29,19,27,15,21,25,4,10,2,4,18,23,86,92,97
575,288,9,20,36,7,29,18,24,13,17,16,3,12,2,3,16,20,79,108,75
576,288,18,27,43,15,31,9,11,14,30,24,7,9,3,2,20,16,108,79,137
577,289,17,18,28,15,33,12,13,11,27,28,4,16,5,2,15,19,93,70,125
578,289,8,22,48,6,21,8,8,13,18,15,8,11,2,5,21,15,70,93,63
579,290,14,25,40,8,27,25,29,9,23,23,5,8,4,2,19,26,99,104,122
580,290,15,15,26,17,39,16,17,14,27,17,6,21,3,6,24,16,97,81,95
581,291,10,20,38,7,31,12,15,15,26,10,6,14,4,2,28,19,73,79,64
582,291,2,19,43,4,19,20,23,11,22,19,5,12,4,1,20,19,70,88,75
583,292,18,28,42,8,25,11,15,11,23,19,2,8,2,0,14,22,91,87,113
584,292,20,21,37,12,25,9,12,7,22,25,6,9,0,2,22,14,87,91,96
585,293,4,20,34,9,18,20,26,7,26,19,6,19,2,2,17,24,87,84,104
586,293,7,27,47,8,26,6,7,10,17,21,12,12,2,2,24,17,84,87,86
587,294,17,22,38,11,28,15,18,12,20,19,6,9,7,3,19,22,92,84,111
588,294,19,19,33,12,30,10,12,12,22,18,5,15,3,7,22,19,84,92,58
589,295,1,22,32,10,23,14,19,5,22,18,6,20,2,0,22,24,88,91,95
590,295,3,17,29,12,33,21,24,11,20,19,7,15,0,2,24,22,91,88,93
591,296,5,21,36,6,30,20,24,15,23,19,2,8,2,2,17,23,80,85,94
592,296,8,21,32,10,28,13,19,9,27,17,1,12,2,2,23,17,85,80,86
593,297,12,15,29,17,30,23,26,11,30,21,9,15,2,4,20,25,104,87,133
594,297,14,19,32,9,25,15,17,11,18,17,7,17,1,3,24,20,80,86,79
595,298,9,14,30,11,34,20,26,14,18,17,10,18,6,3,16,24,81,97,88
596,298,15,15,25,14,39,15,19,8,19,22,9,11,4,2,25,20,87,104,92
597,299,16,23,37,10,31,12,19,15,26,22,8,13,5,3,23,22,88,82,105
598,299,6,30,57,5,16,25,38,16,28,17,9,11,4,0,26,22,100,94,108
599,300,19,18,41,8,26,22,25,17,22,15,6,12,3,5,22,22,82,88,84
600,300,16,22,39,11,29,11,13,12,22,15,8,11,3,4,22,19,88,74,93
601,301,2,26,41,5,24,14,16,10,26,19,7,11,1,1,25,18,81,80,89
602,301,12,14,28,12,30,16,23,10,23,13,8,15,1,1,20,24,80,81,84
603,302,6,18,31,6,20,20,25,6,24,15,6,16,4,3,20,21,74,88,79
604,302,9,23,42,7,30,27,28,14,26,16,6,13,0,4,23,26,94,100,99
605,303,8,18,30,10,27,14,16,4,28,18,6,14,0,1,21,18,80,81,87
606,303,1,14,31,12,27,17,19,4,24,15,9,11,1,0,18,21,81,80,92
607,304,17,20,41,16,35,8,14,16,31,25,8,5,4,5,20,16,96,79,120
608,304,18,18,45,11,29,10,17,16,29,16,3,8,5,4,16,19,79,96,87
609,305,15,18,32,12,36,18,24,14,24,20,7,9,3,3,20,21,90,81,103
610,305,3,15,27,13,36,12,18,10,27,25,5,13,3,3,22,20,81,90,92
611,306,14,26,50,5,11,25,29,10,22,17,9,10,2,3,23,26,92,88,106
612,306,20,21,38,9,23,19,25,11,22,14,6,13,3,2,24,23,88,92,91
613,307,5,22,43,5,21,20,27,15,29,18,5,12,2,4,19,27,79,73,96
614,307,10,19,33,14,28,7,7,8,17,18,6,17,2,3,20,14,87,104,84
615,308,7,27,48,4,21,9,11,10,21,11,7,8,3,3,22,17,75,80,71
616,308,11,23,35,11,28,14,18,5,26,21,9,12,2,1,15,17,93,82,112
617,309,4,21,40,9,23,27,30,12,23,20,8,12,2,2,21,26,96,87,116
618,309,13,21,45,9,26,18,26,19,21,20,6,13,2,2,26,21,87,96,86
619,310,18,18,27,6,27,8,17,9,22,14,6,12,3,0,19,18,62,66,64
620,310,7,19,38,7,25,7,12,17,22,16,7,12,0,3,18,19,66,62,72
621,311,1,19,32,11,33,22,27,13,14,15,12,9,2,1,29,25,93,98,95
622,311,2,25,37,6,16,30,36,11,24,22,3,16,1,2,25,29,98,93,117
623,312,11,28,39,12,24,17,21,4,26,32,9,13,2,3,21,23,109,91,141
624,312,19,24,40,7,26,22,26,9,19,25,8,15,3,2,23,21,91,109,97
625,313,12,30,37,8,25,20,22,7,18,25,8,7,3,2,14,20,104,87,136
626,313,9,21,33,8,29,14,17,7,21,21,9,11,3,1,24,17,80,90,86
627,314,8,22,45,7,21,9,10,10,23,17,8,10,2,3,17,17,74,87,83
628,314,6,19,32,12,28,13,14,5,27,23,7,11,3,2,17,17,87,74,109
629,315,15,18,39,12,34,10,12,15,25,14,7,16,1,2,17,15,82,93,79
630,315,16,29,53,7,21,11,12,16,31,27,7,14,2,8,23,17,90,81,106
631,316,10,26,42,6,23,9,11,12,27,14,6,13,3,1,17,17,79,75,92
632,316,4,18,37,8,29,15,16,13,22,14,7,10,1,3,17,17,75,79,78
633,317,20,25,48,9,21,10,14,12,24,17,2,8,4,3,18,18,87,85,96
634,317,17,21,43,9,29,16,20,18,23,17,4,9,3,4,18,18,85,87,91
635,318,14,19,29,10,27,14,17,6,27,19,6,14,2,4,19,19,82,74,97
636,318,5,21,39,7,27,11,15,12,24,22,8,12,4,2,19,16,74,82,85
637,319,3,21,38,10,28,13,23,11,24,22,3,11,3,1,24,22,85,89,89
638,319,13,23,39,8,29,19,22,13,28,25,6,10,1,3,22,24,89,85,111